{"Litre":1,"US gal":0.264172052358148,"UK gal":0.219969248299126,"Oil barrel":0.00628981}